atom_index,x,y,z
0,3.4669194,-2.6283894,-1.6620352
1,3.3199642,1.2263236,-1.7062228
2,0.5848322,3.6446786,-2.927015
3,-3.2361183,3.2566962,-3.3831248
4,-3.783921,-0.33802447,-4.4256973
5,-1.4745276,-3.4548044,-4.7386765
6,1.9318006,-2.9407952,-6.2868223
7,3.6583362,0.4243098,-6.4296694
8,1.346554,3.2769797,-7.6302567
9,-2.4472857,3.4518769,-8.173938
10,-4.820683,0.37917417,-8.50114
11,-3.7103603,-3.262615,-9.226014
12,-0.34352377,-3.529681,-11.006764
13,2.8317041,-1.5179241,-11.649036
14,2.5241077,2.1938117,-12.587664
15,-0.958346,3.790399,-12.655097
16,-3.6711817,-1.3113319,0.6173083
17,-3.1733942,2.5142574,1.3503569
18,0.2614831,3.4154925,2.4940624
19,3.6089263,1.7009603,2.3555164
20,4.293721,-1.982399,3.4829676
21,0.9194877,-3.7533474,3.8220348
22,-2.4305687,-2.4751205,5.504906
23,-3.1502028,1.1919081,6.180885
24,-0.49698138,3.8128636,6.903165
25,3.0907736,2.5516486,7.217496
26,4.534402,-0.825026,7.946417
27,2.361713,-3.692833,9.021339
28,-1.3627578,-3.607659,10.045376
29,-3.1793973,-0.33193204,11.009661
30,-1.3067181,2.9738305,11.698074
31,2.0778596,4.7380033,11.082992
